{
  "Wheels":{
	"1":{
      "0":[6,0,3,2,7,5,1,4,6,1,0,7,3,2,5,2,3,4,6,3,1,2,5,4,2],
      "1":[1,5,2,0,10,2,0,6,2,7,4,2,3,7,5,2,1,4,3,7,2,5,0,2,5,7,1,4,3,1,4,3,6],
      "2":[4,5,3,7,10,3,7,1,4,3,4,5,3,7,0,6,3,5,4,3,4,5,0,4,7,5,2,1,10,2,1,6,0,3],
      "3":[2,7,1,0,10,1,0,7,5,2,5,7,1,3,5,2,4,1,5,4,1,2,5,4,6,3,2,4,10,2,6,4,2,1,4],
      "4":[3,7,4,0,7,5,3,6,4,2,5,1,2,6,0,7,1,4,7,2,6,3,7,2]
    },
    "2":{
      "0":[6,0,7,3,2,7,5,1,4,6,1,0,7,3,2,5,2,3,4,6,3,1,2,5,4,2,7],
      "1":[1,5,2,0,10,2,0,6,2,7,4,2,3,7,5,2,1,4,3,7,2,5,0,2,5,7,1,4,3,1,4,3,6],
      "2":[4,5,3,7,10,3,7,1,4,3,4,5,3,7,0,6,3,5,4,3,4,5,0,4,7,5,2,1,10,2,1,6,0,3],
      "3":[2,7,1,0,10,1,0,7,5,2,5,7,1,3,5,2,4,1,5,4,1,2,5,4,6,3,2,4,10,2,6,4,2,1,4],
      "4":[3,7,4,0,7,5,3,6,4,2,5,1,2,6,0,7,1,4,7,2,6,3,7,2]
    },
    "3":{
      "0":[6,0,3,2,7,5,1,4,6,1,0,7,3,2,5,2,3,4,6,3,1,2,5,4,2],
      "1":[1,5,2,0,10,2,0,6,2,7,4,2,3,7,5,2,1,4,3,7,2,5,0,2,5,7,1,4,3,1,4,3,6],
      "2":[4,5,3,7,10,3,7,1,4,3,4,5,3,7,0,6,3,5,4,3,4,5,0,4,7,5,2,1,10,2,1,6,0,3],
      "3":[2,7,1,0,10,1,0,7,5,2,5,7,1,3,5,2,4,1,5,4,1,2,5,4,6,3,2,4,10,2,6,4,2,1,4],
      "4":[3,7,4,0,7,5,3,6,4,2,5,1,2,6,0,7,1,4,7,2,6,3,7,2]
    },
    "4":{
      "0":[6,0,7,3,2,7,5,1,4,6,1,0,7,3,2,5,2,3,4,6,3,1,2,5,4,2,7],
      "1":[1,5,2,0,10,2,0,6,2,7,4,2,3,7,5,2,1,4,3,7,2,5,0,2,5,7,1,4,3,1,4,3,6],
      "2":[4,5,3,7,10,3,7,1,4,3,4,5,3,7,0,6,3,5,4,3,4,5,0,4,7,5,2,1,10,2,1,6,0,3],
      "3":[2,7,1,0,10,1,0,7,5,2,5,7,1,3,5,2,4,1,5,4,1,2,5,4,6,3,2,4,10,2,6,4,2,1,4],
      "4":[3,7,4,0,7,5,3,6,4,2,5,1,2,6,0,7,1,4,7,2,6,3,7,2]
    },
    "5":{
      "0":[6,0,3,2,7,5,1,4,6,1,0,7,3,2,5,2,3,4,6,3,1,2,5,4,2],
      "1":[1,5,2,0,10,2,0,6,2,7,4,2,3,7,5,2,1,4,3,7,2,5,0,2,5,7,1,4,3,1,4,3,6],
      "2":[4,5,3,7,10,3,7,1,4,3,4,5,3,7,0,6,3,5,4,3,4,5,0,4,7,5,2,1,10,2,1,6,0,3],
      "3":[2,7,1,0,10,1,0,7,5,2,5,7,1,3,5,2,4,1,5,4,1,2,5,4,6,3,2,4,10,2,6,4,2,1,4],
      "4":[3,7,4,0,7,5,3,6,4,2,5,1,2,6,0,7,1,4,7,2,6,3,7,2]
    },
    "6":{
      "0":[6,0,7,3,2,7,5,1,4,6,1,0,7,3,2,5,2,3,4,6,3,1,2,5,4,2,7],
      "1":[1,5,2,0,10,2,0,6,2,7,4,2,3,7,5,2,1,4,3,7,2,5,0,2,5,7,1,4,3,1,4,3,6],
      "2":[4,5,3,7,10,3,7,1,4,3,4,5,3,7,0,6,3,5,4,3,4,5,0,4,7,5,2,1,10,2,1,6,0,3],
      "3":[2,7,1,0,10,1,0,7,5,2,5,7,1,3,5,2,4,1,5,4,1,2,5,4,6,3,2,4,10,2,6,4,2,1,4],
      "4":[3,7,4,0,7,5,3,6,4,2,5,1,2,6,0,7,1,4,7,2,6,3,7,2]
    },
  },
  "Levels":{
	"1":{"0.473210":1,"1":2},
	"2":{"0.473210":3,"1":4},
	"3":{"0.473210":5,"1":6}
  },
  "Type": 2,
  "WheelWidth": 5,
  "WheelHeight": 3
}

















            

            




