{
  "WeightedReelHeightWheels": {
    "0.0816326531": [ 3, 3, 3 ],
    "0.2244897959": [ 5, 3, 3 ],
    "0.4285714286": [ 3, 5, 3 ],
    "0.5510204082": [ 3, 3, 5 ],
    "0.693877551": [ 5, 5, 3 ],
    "0.7755102041": [ 5, 3, 5 ],
    "0.8775510204": [ 3, 5, 5 ],
    "1.0000000000": [ 5, 5, 5 ]
  },
  "Levels": {
    "1": {
      "0": [ 8, 8, 8, 8, 8, 8, 8, 8, 8, 5, 4, 1, 0, 7, 2, 6, 1, 4, 5, 2, 6, 0, 5, 2, 1, 8, 8, 8, 6, 0, 1, 5, 2, 1, 0, 1, 5, 2, 1, 5, 2, 6, 1, 5, 2, 1, 0, 1, 5, 4, 1, 0, 7, 2, 6, 1, 4, 5, 2, 6, 0, 5, 2, 1, 5, 2, 6, 0, 1, 5, 2, 1, 0, 1, 5, 2, 1, 5, 2, 6, 1, 5, 2, 1, 0, 1, 6, 0, 1, 5, 2, 1, 0, 1, 5, 2, 1, 5, 2, 6, 1, 5, 2, 1, 0, 1, 5, 4, 1, 0, 7, 2, 6, 1, 4, 5, 2, 6, 3, 0, 5, 2, 1, 5, 1, 6, 0, 1, 5, 2, 1, 0, 1, 5, 2, 1, 5, 2, 6, 1, 5, 2, 1, 0, 1, 6, 4, 4, 5, 4 ],
      "1": [ 8, 8, 8, 8, 8, 8, 8, 8, 8, 1, 0, 1, 3, 0, 4, 8, 8, 8, 1, 3, 6, 7, 1, 4, 5, 1, 6, 0, 4, 3, 7, 0, 7, 1, 0, 4, 7, 0, 0, 6, 5, 0, 1, 3, 0, 4, 3, 5, 1, 3, 6, 7, 1, 4, 5, 1, 6, 0, 4, 2, 3, 7, 0, 7, 1, 0, 4, 7, 0, 0, 2, 7, 0, 4, 7, 0, 0, 2, 7, 2, 6, 5, 0, 1, 3, 0, 4, 8, 3, 5, 1, 3, 6, 7, 1, 4, 5, 1, 6, 0, 4, 3, 7, 0, 7, 1, 0, 4, 7, 0, 0, 6, 5, 0, 1, 3, 0, 4, 3, 5, 1, 3, 6, 7, 1, 4, 5, 1, 6, 0, 4, 2, 3, 7, 0, 7, 1, 0, 4, 7, 0, 0, 2, 7, 0, 4, 7, 0, 0, 2, 7 ],
      "2": [ 8, 8, 8, 8, 8, 8, 8, 8, 8, 5, 5, 0, 3, 2, 5, 0, 3, 2, 5, 0, 3, 2, 0, 6, 3, 5, 0, 2, 0, 7, 4, 0, 2, 0, 7, 4, 0, 7, 3, 4, 0, 7, 3, 7, 2, 8, 8, 8, 2, 4, 3, 5, 0, 3, 2, 5, 0, 3, 2, 5, 0, 3, 2, 0, 6, 3, 5, 0, 2, 0, 7, 4, 0, 2, 0, 7, 4, 0, 7, 3, 4, 0, 7, 3, 7, 2, 0, 6, 2, 1, 4, 3, 5, 0, 3, 2, 5, 0, 3, 2, 5, 0, 3, 8, 0, 6, 3, 5, 0, 2, 0, 7, 4, 0, 2, 0, 7, 4, 0, 7, 3, 4, 0, 7, 3, 7, 2, 0, 8, 6, 2, 4, 3, 5, 0, 3, 2, 5, 0, 3, 2, 5, 0, 3, 2, 0, 6, 3, 5, 0, 8, 8, 7, 4, 0, 2, 0, 7, 4, 0, 7, 3, 4, 0, 7, 3, 7, 2, 0, 6, 2, 1, 4, 3 ]
    }
  },
  "Type": 16,
  "Rows": [ 5, 5, 5 ],
  "WheelWidth": 3,
  "WheelHeight": 5
}